{
  "brier_score_raw": 0.0778121442559301,
  "brier_score_calibrated": 0.09482396870622019,
  "brier_improvement": -0.01701182445029009
}