{
  "brier_score_raw": 0.09076099999999998,
  "brier_score_calibrated": 0.08678767018400972,
  "brier_improvement": 0.003973329815990259
}