{
  "brier_score_raw": 0.09498280966986485,
  "brier_score_calibrated": 0.08618096753212487,
  "brier_improvement": 0.008801842137739976
}