{
  "brier_score_raw": 0.09339560989065682,
  "brier_score_calibrated": 0.09138071445751647,
  "brier_improvement": 0.0020148954331403457
}