{
  "brier_score_raw": 0.13078537583390798,
  "brier_score_calibrated": 0.122182804474471,
  "brier_improvement": 0.008602571359436983
}