{
  "shap_importance": [
    0.016091014269203913,
    0.04538903044511257,
    0.0039561077152595785,
    0.02407709397361322,
    0.025827196351751562,
    0.011171394272363978,
    0.03549329993969378,
    0.033186397751325564,
    0.022937978361867905,
    0.029054079261835255,
    0.010026484104112613,
    0.019066613661229748,
    0.03205442078754332,
    0.033110975144870644,
    0.061315403059899035,
    0.18369919426209566
  ],
  "builtin_importance": [
    0.020444753427893102,
    0.05620954786120457,
    0.007103257092178909,
    0.0460033082883215,
    0.05910189511355493,
    0.014687335175467523,
    0.06035039880080634,
    0.05605760274388946,
    0.045724633570169496,
    0.05306109542708863,
    0.00962349107548882,
    0.0243087710863199,
    0.03784555222278106,
    0.036588393001231505,
    0.16543001864785759,
    0.3074599464657466
  ],
  "shap_df": 